SHIFT_CWE400_Resource_Exhaustion__rand_for_loop_04_good.c,unmatched src and tgt
SHIFT_CWE400_Resource_Exhaustion__fscanf_for_loop_03_good.c,unmatched src and tgt
SHIFT_CWE400_Resource_Exhaustion__rand_for_loop_06_good.c,unmatched src and tgt
SHIFT_CWE400_Resource_Exhaustion__fscanf_for_loop_41_good.c,unmatched src and tgt
SHIFT_CWE400_Resource_Exhaustion__fscanf_for_loop_09_good.c,unmatched src and tgt
SHIFT_CWE400_Resource_Exhaustion__rand_for_loop_03_good.c,unmatched src and tgt
SHIFT_CWE400_Resource_Exhaustion__fscanf_for_loop_17_good.c,unmatched src and tgt
SHIFT_CWE400_Resource_Exhaustion__rand_for_loop_17_good.c,unmatched src and tgt
SHIFT_CWE400_Resource_Exhaustion__fscanf_for_loop_04_good.c,unmatched src and tgt
SHIFT_CWE400_Resource_Exhaustion__fgets_for_loop_03_good.c,unmatched src and tgt
SHIFT_CWE400_Resource_Exhaustion__fgets_for_loop_42_good.c,unmatched src and tgt
SHIFT_CWE400_Resource_Exhaustion__fgets_for_loop_06_good.c,unmatched src and tgt
SHIFT_CWE400_Resource_Exhaustion__fgets_for_loop_05_good.c,unmatched src and tgt
SHIFT_CWE400_Resource_Exhaustion__connect_socket_for_loop_45_good.c,unmatched src and tgt
SHIFT_CWE400_Resource_Exhaustion__fscanf_for_loop_44_good.c,unmatched src and tgt
SHIFT_CWE400_Resource_Exhaustion__connect_socket_for_loop_04_good.c,unmatched src and tgt
SHIFT_CWE400_Resource_Exhaustion__rand_for_loop_14_good.c,unmatched src and tgt
SHIFT_CWE400_Resource_Exhaustion__rand_for_loop_13_good.c,unmatched src and tgt
SHIFT_CWE400_Resource_Exhaustion__listen_socket_for_loop_14_good.c,unmatched src and tgt
SHIFT_CWE400_Resource_Exhaustion__listen_socket_for_loop_42_good.c,unmatched src and tgt
SHIFT_CWE400_Resource_Exhaustion__rand_for_loop_09_good.c,unmatched src and tgt
SHIFT_CWE400_Resource_Exhaustion__fscanf_for_loop_34_good.c,unmatched src and tgt
SHIFT_CWE400_Resource_Exhaustion__listen_socket_for_loop_04_good.c,unmatched src and tgt
SHIFT_CWE400_Resource_Exhaustion__connect_socket_for_loop_02_good.c,unmatched src and tgt
SHIFT_CWE400_Resource_Exhaustion__listen_socket_for_loop_31_good.c,unmatched src and tgt
SHIFT_CWE400_Resource_Exhaustion__listen_socket_for_loop_03_good.c,unmatched src and tgt
SHIFT_CWE400_Resource_Exhaustion__fscanf_for_loop_15_good.c,unmatched src and tgt
SHIFT_CWE400_Resource_Exhaustion__fgets_for_loop_17_good.c,unmatched src and tgt
SHIFT_CWE400_Resource_Exhaustion__connect_socket_for_loop_42_good.c,unmatched src and tgt
SHIFT_CWE400_Resource_Exhaustion__fgets_for_loop_34_good.c,unmatched src and tgt
SHIFT_CWE400_Resource_Exhaustion__fscanf_for_loop_42_good.c,unmatched src and tgt
SHIFT_CWE400_Resource_Exhaustion__rand_for_loop_53_good.c,unmatched src and tgt
SHIFT_CWE400_Resource_Exhaustion__fgets_for_loop_16_good.c,unmatched src and tgt
SHIFT_CWE400_Resource_Exhaustion__connect_socket_for_loop_41_good.c,unmatched src and tgt
SHIFT_CWE400_Resource_Exhaustion__listen_socket_for_loop_34_good.c,unmatched src and tgt
SHIFT_CWE400_Resource_Exhaustion__fscanf_for_loop_18_good.c,unmatched src and tgt
SHIFT_CWE400_Resource_Exhaustion__listen_socket_for_loop_11_good.c,unmatched src and tgt
SHIFT_CWE400_Resource_Exhaustion__rand_for_loop_45_good.c,unmatched src and tgt
SHIFT_CWE400_Resource_Exhaustion__fscanf_for_loop_11_good.c,unmatched src and tgt
SHIFT_CWE400_Resource_Exhaustion__rand_for_loop_67_good.c,unmatched src and tgt
SHIFT_CWE400_Resource_Exhaustion__connect_socket_for_loop_67_good.c,unmatched src and tgt
SHIFT_CWE400_Resource_Exhaustion__fscanf_for_loop_68_good.c,unmatched src and tgt
SHIFT_CWE400_Resource_Exhaustion__connect_socket_for_loop_03_good.c,unmatched src and tgt
SHIFT_CWE400_Resource_Exhaustion__connect_socket_for_loop_18_good.c,unmatched src and tgt
SHIFT_CWE400_Resource_Exhaustion__listen_socket_for_loop_16_good.c,unmatched src and tgt
SHIFT_CWE400_Resource_Exhaustion__fgets_for_loop_41_good.c,unmatched src and tgt
SHIFT_CWE400_Resource_Exhaustion__fscanf_for_loop_10_good.c,unmatched src and tgt
SHIFT_CWE400_Resource_Exhaustion__listen_socket_for_loop_61_good.c,unmatched src and tgt
SHIFT_CWE400_Resource_Exhaustion__rand_for_loop_52_good.c,unmatched src and tgt
SHIFT_CWE400_Resource_Exhaustion__fscanf_for_loop_51_good.c,unmatched src and tgt
SHIFT_CWE400_Resource_Exhaustion__fscanf_for_loop_13_good.c,unmatched src and tgt
SHIFT_CWE400_Resource_Exhaustion__fgets_for_loop_02_good.c,unmatched src and tgt
SHIFT_CWE400_Resource_Exhaustion__rand_for_loop_41_good.c,unmatched src and tgt
SHIFT_CWE400_Resource_Exhaustion__fgets_for_loop_11_good.c,unmatched src and tgt
SHIFT_CWE400_Resource_Exhaustion__rand_for_loop_08_good.c,unmatched src and tgt
SHIFT_CWE400_Resource_Exhaustion__connect_socket_for_loop_08_good.c,unmatched src and tgt
SHIFT_CWE400_Resource_Exhaustion__connect_socket_for_loop_52_good.c,unmatched src and tgt
SHIFT_CWE400_Resource_Exhaustion__listen_socket_for_loop_17_good.c,unmatched src and tgt
SHIFT_CWE400_Resource_Exhaustion__rand_for_loop_07_good.c,unmatched src and tgt
SHIFT_CWE400_Resource_Exhaustion__fscanf_for_loop_21_good.c,unmatched src and tgt
SHIFT_CWE400_Resource_Exhaustion__connect_socket_for_loop_51_good.c,unmatched src and tgt
SHIFT_CWE400_Resource_Exhaustion__fgets_for_loop_64_good.c,unmatched src and tgt
SHIFT_CWE400_Resource_Exhaustion__fgets_for_loop_10_good.c,unmatched src and tgt
SHIFT_CWE400_Resource_Exhaustion__fgets_for_loop_45_good.c,unmatched src and tgt
SHIFT_CWE400_Resource_Exhaustion__listen_socket_for_loop_65_good.c,unmatched src and tgt
SHIFT_CWE400_Resource_Exhaustion__listen_socket_for_loop_41_good.c,unmatched src and tgt
SHIFT_CWE400_Resource_Exhaustion__listen_socket_for_loop_52_good.c,unmatched src and tgt
SHIFT_CWE400_Resource_Exhaustion__fgets_for_loop_15_good.c,unmatched src and tgt
SHIFT_CWE400_Resource_Exhaustion__fgets_for_loop_08_good.c,unmatched src and tgt
SHIFT_CWE400_Resource_Exhaustion__connect_socket_for_loop_53_good.c,unmatched src and tgt
SHIFT_CWE400_Resource_Exhaustion__listen_socket_for_loop_01_good.c,unmatched src and tgt
SHIFT_CWE400_Resource_Exhaustion__rand_for_loop_10_good.c,unmatched src and tgt
SHIFT_CWE400_Resource_Exhaustion__connect_socket_for_loop_31_good.c,unmatched src and tgt
SHIFT_CWE400_Resource_Exhaustion__fgets_for_loop_14_good.c,unmatched src and tgt
SHIFT_CWE400_Resource_Exhaustion__fscanf_for_loop_61_good.c,unmatched src and tgt
SHIFT_CWE400_Resource_Exhaustion__connect_socket_for_loop_10_good.c,unmatched src and tgt
SHIFT_CWE400_Resource_Exhaustion__fscanf_for_loop_31_good.c,unmatched src and tgt
SHIFT_CWE400_Resource_Exhaustion__connect_socket_for_loop_54_good.c,unmatched src and tgt
SHIFT_CWE400_Resource_Exhaustion__listen_socket_for_loop_22_good.c,unmatched src and tgt
SHIFT_CWE400_Resource_Exhaustion__rand_for_loop_65_good.c,unmatched src and tgt
SHIFT_CWE400_Resource_Exhaustion__connect_socket_for_loop_17_good.c,unmatched src and tgt
SHIFT_CWE400_Resource_Exhaustion__fgets_for_loop_01_good.c,unmatched src and tgt
SHIFT_CWE400_Resource_Exhaustion__fgets_for_loop_21_good.c,unmatched src and tgt
SHIFT_CWE400_Resource_Exhaustion__rand_for_loop_34_good.c,unmatched src and tgt
SHIFT_CWE400_Resource_Exhaustion__fgets_for_loop_12_good.c,unmatched src and tgt
SHIFT_CWE400_Resource_Exhaustion__connect_socket_for_loop_34_good.c,unmatched src and tgt
SHIFT_CWE400_Resource_Exhaustion__rand_for_loop_22_good.c,unmatched src and tgt
SHIFT_CWE400_Resource_Exhaustion__fgets_for_loop_09_good.c,unmatched src and tgt
SHIFT_CWE400_Resource_Exhaustion__listen_socket_for_loop_15_good.c,unmatched src and tgt
SHIFT_CWE400_Resource_Exhaustion__fgets_for_loop_32_good.c,unmatched src and tgt
SHIFT_CWE400_Resource_Exhaustion__fscanf_for_loop_08_good.c,unmatched src and tgt
SHIFT_CWE400_Resource_Exhaustion__fscanf_for_loop_12_good.c,unmatched src and tgt
SHIFT_CWE400_Resource_Exhaustion__listen_socket_for_loop_06_good.c,unmatched src and tgt
SHIFT_CWE400_Resource_Exhaustion__connect_socket_for_loop_06_good.c,unmatched src and tgt
SHIFT_CWE400_Resource_Exhaustion__rand_for_loop_32_good.c,unmatched src and tgt
SHIFT_CWE400_Resource_Exhaustion__listen_socket_for_loop_09_good.c,unmatched src and tgt
SHIFT_CWE400_Resource_Exhaustion__rand_for_loop_31_good.c,unmatched src and tgt
SHIFT_CWE400_Resource_Exhaustion__rand_for_loop_21_good.c,unmatched src and tgt
SHIFT_CWE400_Resource_Exhaustion__rand_for_loop_12_good.c,unmatched src and tgt
SHIFT_CWE400_Resource_Exhaustion__rand_for_loop_61_good.c,unmatched src and tgt
SHIFT_CWE400_Resource_Exhaustion__listen_socket_for_loop_07_good.c,unmatched src and tgt
SHIFT_CWE400_Resource_Exhaustion__connect_socket_for_loop_01_good.c,unmatched src and tgt
SHIFT_CWE400_Resource_Exhaustion__listen_socket_for_loop_18_good.c,unmatched src and tgt
SHIFT_CWE400_Resource_Exhaustion__fscanf_for_loop_02_good.c,unmatched src and tgt
SHIFT_CWE400_Resource_Exhaustion__connect_socket_for_loop_13_good.c,unmatched src and tgt
SHIFT_CWE400_Resource_Exhaustion__fscanf_for_loop_16_good.c,unmatched src and tgt
SHIFT_CWE400_Resource_Exhaustion__rand_for_loop_02_good.c,unmatched src and tgt
SHIFT_CWE400_Resource_Exhaustion__fscanf_for_loop_65_good.c,unmatched src and tgt
SHIFT_CWE400_Resource_Exhaustion__listen_socket_for_loop_02_good.c,unmatched src and tgt
SHIFT_CWE400_Resource_Exhaustion__fgets_for_loop_22_good.c,unmatched src and tgt
SHIFT_CWE400_Resource_Exhaustion__fscanf_for_loop_45_good.c,unmatched src and tgt
SHIFT_CWE400_Resource_Exhaustion__fgets_for_loop_63_good.c,unmatched src and tgt
SHIFT_CWE400_Resource_Exhaustion__fgets_for_loop_31_good.c,unmatched src and tgt
SHIFT_CWE400_Resource_Exhaustion__connect_socket_for_loop_16_good.c,unmatched src and tgt
SHIFT_CWE400_Resource_Exhaustion__connect_socket_for_loop_14_good.c,unmatched src and tgt
SHIFT_CWE400_Resource_Exhaustion__rand_for_loop_11_good.c,unmatched src and tgt
SHIFT_CWE400_Resource_Exhaustion__rand_for_loop_16_good.c,unmatched src and tgt
SHIFT_CWE400_Resource_Exhaustion__listen_socket_for_loop_05_good.c,unmatched src and tgt
SHIFT_CWE400_Resource_Exhaustion__listen_socket_for_loop_13_good.c,unmatched src and tgt
SHIFT_CWE400_Resource_Exhaustion__listen_socket_for_loop_32_good.c,unmatched src and tgt
SHIFT_CWE400_Resource_Exhaustion__listen_socket_for_loop_45_good.c,unmatched src and tgt
SHIFT_CWE400_Resource_Exhaustion__fgets_for_loop_13_good.c,unmatched src and tgt
SHIFT_CWE400_Resource_Exhaustion__connect_socket_for_loop_32_good.c,unmatched src and tgt
SHIFT_CWE400_Resource_Exhaustion__connect_socket_for_loop_05_good.c,unmatched src and tgt
SHIFT_CWE400_Resource_Exhaustion__connect_socket_for_loop_66_good.c,unmatched src and tgt
SHIFT_CWE400_Resource_Exhaustion__fscanf_for_loop_01_good.c,unmatched src and tgt
SHIFT_CWE400_Resource_Exhaustion__fscanf_for_loop_32_good.c,unmatched src and tgt
SHIFT_CWE400_Resource_Exhaustion__listen_socket_for_loop_44_good.c,unmatched src and tgt
SHIFT_CWE400_Resource_Exhaustion__listen_socket_for_loop_63_good.c,unmatched src and tgt
SHIFT_CWE400_Resource_Exhaustion__rand_for_loop_15_good.c,unmatched src and tgt
SHIFT_CWE400_Resource_Exhaustion__fscanf_for_loop_14_good.c,unmatched src and tgt
SHIFT_CWE400_Resource_Exhaustion__fscanf_for_loop_67_good.c,unmatched src and tgt
SHIFT_CWE400_Resource_Exhaustion__fscanf_for_loop_07_good.c,unmatched src and tgt
SHIFT_CWE400_Resource_Exhaustion__connect_socket_for_loop_07_good.c,unmatched src and tgt
SHIFT_CWE400_Resource_Exhaustion__connect_socket_for_loop_44_good.c,unmatched src and tgt
SHIFT_CWE400_Resource_Exhaustion__fgets_for_loop_07_good.c,unmatched src and tgt
SHIFT_CWE400_Resource_Exhaustion__connect_socket_for_loop_61_good.c,unmatched src and tgt
SHIFT_CWE400_Resource_Exhaustion__rand_for_loop_42_good.c,unmatched src and tgt
SHIFT_CWE400_Resource_Exhaustion__fgets_for_loop_61_good.c,unmatched src and tgt
SHIFT_CWE400_Resource_Exhaustion__connect_socket_for_loop_11_good.c,unmatched src and tgt
SHIFT_CWE400_Resource_Exhaustion__rand_for_loop_05_good.c,unmatched src and tgt
SHIFT_CWE400_Resource_Exhaustion__listen_socket_for_loop_21_good.c,unmatched src and tgt
SHIFT_CWE400_Resource_Exhaustion__connect_socket_for_loop_21_good.c,unmatched src and tgt
SHIFT_CWE400_Resource_Exhaustion__listen_socket_for_loop_67_good.c,unmatched src and tgt
SHIFT_CWE400_Resource_Exhaustion__listen_socket_for_loop_12_good.c,unmatched src and tgt
SHIFT_CWE400_Resource_Exhaustion__fscanf_for_loop_06_good.c,unmatched src and tgt
SHIFT_CWE400_Resource_Exhaustion__listen_socket_for_loop_10_good.c,unmatched src and tgt
SHIFT_CWE400_Resource_Exhaustion__rand_for_loop_01_good.c,unmatched src and tgt
SHIFT_CWE400_Resource_Exhaustion__fgets_for_loop_44_good.c,unmatched src and tgt
SHIFT_CWE400_Resource_Exhaustion__connect_socket_for_loop_12_good.c,unmatched src and tgt
SHIFT_CWE400_Resource_Exhaustion__fgets_for_loop_04_good.c,unmatched src and tgt
SHIFT_CWE400_Resource_Exhaustion__fscanf_for_loop_64_good.c,unmatched src and tgt
SHIFT_CWE400_Resource_Exhaustion__fgets_for_loop_18_good.c,unmatched src and tgt
SHIFT_CWE400_Resource_Exhaustion__rand_for_loop_44_good.c,unmatched src and tgt
SHIFT_CWE400_Resource_Exhaustion__rand_for_loop_18_good.c,unmatched src and tgt
SHIFT_CWE400_Resource_Exhaustion__connect_socket_for_loop_09_good.c,unmatched src and tgt
SHIFT_CWE400_Resource_Exhaustion__connect_socket_for_loop_15_good.c,unmatched src and tgt
SHIFT_CWE400_Resource_Exhaustion__fscanf_for_loop_05_good.c,unmatched src and tgt
SHIFT_CWE400_Resource_Exhaustion__listen_socket_for_loop_08_good.c,unmatched src and tgt
